Dia,date,Dias del Rango,tasa_bcv,Variacion Diaria %,tasa_binance,Diferencia Neta Entre Tasa BCV - Binance (Bs),Variacion de Tasa BCV entre el dia 1 y el dia 14,Variacion de Tasa Binance entre el dia 1 y el dia 14,gap_percentage,"Tubo 2 x 1 x 0,75mm x 6m (Precio USDT)","Tubo 2 x 1 x 0,75mm x 6m (Precio Dólar a Tasa BCV)",SIN USO,0.6,,,Compra de USDT con Ingreso en Bolivares (INICIAL),Compra de USDT con Ingreso en Bolivares (1era Cuota),Compra de USDT con Ingreso en Bolivares (2da Cuota),Compra de USDT con Ingreso en Bolivares (3era Cuota),Total Reposicion USDT-Cash,Deficit / SuperAvit
Sábado,09/05/2026,116,500.4606,,657,,,,,"7,86",,,,,,,,,,,
Viernes,08/05/2026,115,499.86,,655,,,,,"7,86",,,,,,,,,,,
Jueves,07/05/2026,114,496.83,,668,,,,,"7,86",,,,,,,,,,,
Miércoles,06/05/2026,113,493.38,,658,,,,,"7,86",,,,,,,,,,,
Martes,05/05/2026,112,490.05,,657,,,,,"7,86",,,,,,,,,,,
Lunes,04/05/2026,111,489.55,,639,,,,,"7,86",,,,,,,,,,,
Domingo,03/05/2026,110,489.55,,639,,,,,"7,86",,,,,,,,,,,
Sábado,02/05/2026,109,489.55,,639,,,,,"7,86",,,,,,,,,,,
Viernes,01/05/2026,108,489.55,,640,,,,,"7,86",,,,,,,,,,,
Jueves,30/04/2026,107,487.12,,640,,,,,"7,86",,,,,,,,,,,
Miércoles,29/04/2026,106,486.2,,650,,,,,"7,86",,,,,,,,,,,
Martes,28/04/2026,105,485.23,,653,,,,,"7,86",,,,,,,,,,,
Lunes,27/04/2026,104,484.74,,637,,,,,"7,86",,,,,,,,,,,
Domingo,26/04/2026,103,484.74,,637,,,,,"7,86",,,,,,,,,,,
Sábado,25/04/2026,102,484.74,,636,,1.032429756,1.033018868,1.000570607,"7,86",10.72413713,,4.716,6.434482275,3119.050938,4.904168142,1.089193641,,,5.993361783,0.229361783
Viernes,24/04/2026,101,483.87,,637,,1.033046066,1.028257457,0.995364573,"7,86",10.76031133,,4.716,6.456186799,3123.955106,4.904168142,1.094890427,,,5.999058569,0.235058569
Jueves,23/04/2026,100,483.34,,637,,1.02790996,1.04866562,1.0201921,"7,86",10.77211041,,4.716,6.463266244,3123.955106,4.904168142,1.068245033,,,5.972413174,0.208413174
Miércoles,22/04/2026,99,482.76,,635,,1.021998509,1.036220472,1.013915836,"7,86",10.75119027,,4.716,6.450714165,3114.14677,4.904168142,1.0748576,,,5.979025742,0.215025742
Martes,21/04/2026,98,481.7,,640,,1.017334441,1.0265625,1.009070822,"7,86",10.85969002,,4.716,6.515814014,3138.667611,4.904168142,1.080018487,,,5.984186629,0.220186629
Lunes,20/04/2026,97,481.21,,639,,1.017331311,1,0.982963946,"7,86",10.85376254,,4.716,6.512257523,3133.763443,4.904168142,1.108703067,,,6.012871209,0.248871209
Domingo,19/04/2026,96,480.25,,630,,1.019364914,1.014285714,0.99501729,"7,86",10.72228329,,4.716,6.433369973,3089.625929,4.904168142,1.095272568,,,5.99944071,0.23544071
Sábado,18/04/2026,95,480.26,,631,,1.019343689,1.012678288,0.993461086,"7,86",10.73907917,,4.716,6.443447502,3094.530098,4.904168142,1.096988254,,,6.001156396,0.237156396
Viernes,17/04/2026,94,480.26,,631,,1.019343689,1.014263074,0.995015798,"7,86",10.73907917,,4.716,6.443447502,3094.530098,4.904168142,1.09527421,,,5.999442352,0.235442352
Jueves,16/04/2026,93,479.78,,632,,1.015298679,1.012658228,0.997399336,"7,86",10.76685934,,4.716,6.460115606,3099.434266,4.904168142,1.092656776,,,5.996824918,0.232824918
Miércoles,15/04/2026,92,478.58,,631,,1.015922103,1.030110935,1.013966457,"7,86",10.77677747,,4.716,6.466066483,3094.530098,4.904168142,1.07480394,,,5.978972082,0.214972082
Martes,14/04/2026,91,477.62,,637,,1.015933169,1.025117739,1.009040527,"7,86",10.90111772,,4.716,6.54067063,3123.955106,4.904168142,1.080050914,,,5.984219056,0.220219056
Lunes,13/04/2026,90,477.15,,631,,1.015906948,1.009508716,0.993701952,"7,86",10.80907506,,4.716,6.485445033,3094.530098,4.904168142,1.096722353,,,6.000890495,0.236890495
Domingo,12/04/2026,89,476.43,,638,,1.017442227,0.998432602,0.981316261,"7,86",10.94550187,,4.716,6.567301124,3128.859274,4.904168142,1.110564642,,,6.014732784,0.250732784
Sábado,11/04/2026,88,476.43,,638,,1.05043763,1.029780564,0.9803348,"7,86",10.98234234,,4.716,6.589405401,3139.390415,4.920674632,1.116054638,1.115418173,,7.152147443,0.340147443
Viernes,10/04/2026,87,476.43,,643,,1.049178263,1.018662519,0.970914624,"7,86",11.06841085,,4.716,6.641046509,3163.993788,4.920674632,1.121019771,1.126240376,,7.167934779,0.355934779
Jueves,09/04/2026,86,475.96,,643,,1.043848223,1.038880249,0.995240713,"7,86",11.07934066,,4.716,6.647604396,3163.993788,4.920674632,1.120897648,1.098712339,,7.14028462,0.32828462
Miércoles,08/04/2026,85,475.96,,642,,1.036599714,1.024922118,0.98873471,"7,86",11.06210996,,4.716,6.637265976,3159.073114,4.920674632,1.121332116,1.105942008,,7.147948757,0.335948757
Martes,07/04/2026,84,475,,647,,1.031684211,1.015455951,0.984270129,"7,86",11.17079469,,4.716,6.702476815,3183.676487,4.920674632,1.121035792,1.110958486,,7.15266891,0.34066891
Lunes,06/04/2026,83,474.53,,643,,1.031652372,0.99377916,0.963288785,"7,86",11.11272834,,4.716,6.667637006,3163.993788,4.920674632,1.115817633,1.135156215,,7.17164848,0.35964848
Domingo,05/04/2026,82,474.05,,640,,1.032696973,0.9984375,0.966825241,"7,86",11.07208018,,4.716,6.643248106,3149.231765,4.920674632,1.125368572,1.131004038,,7.177047242,0.365047242
Sábado,04/04/2026,81,474.05,,640,,1.032696973,0.9984375,0.966825241,"7,86",11.07208018,,4.716,6.643248106,3149.231765,4.920674632,1.1236085,1.131004038,,7.17528717,0.36328717
Viernes,03/04/2026,80,474.05,,640,,1.032696973,1,0.96833827,"7,86",11.07208018,,4.716,6.643248106,3149.231765,4.920674632,1.1236085,1.129236844,,7.173519976,0.361519976
Jueves,02/04/2026,79,474.05,,645,,1.027570931,0.992248062,0.965624885,"7,86",11.1585808,,4.716,6.695148482,3173.835138,4.920674632,1.129464957,1.132409975,,7.182549564,0.370549564
Miércoles,01/04/2026,78,473.92,,665,,1.025911546,0.977443609,0.952756222,"7,86",11.50773911,,4.716,6.904643464,3272.24863,4.920674632,1.163734555,1.14770518,,7.232114367,0.420114367
Martes,31/03/2026,77,473.87,,664,,1.02397282,0.983433735,0.960409999,"7,86",11.49164664,,4.716,6.894987983,3267.327956,4.920674632,1.148851966,1.138558795,,7.208085393,0.396085393
Lunes,30/03/2026,76,471.7,,671,,1.027644689,0.949329359,0.923791432,"7,86",11.18096248,,4.716,6.708577486,3164.436,4.716,1.127310353,1.134455207,,6.97776556,0.16576556
Domingo,29/03/2026,75,471.7,,671,,1.027644689,0.949329359,0.923791432,"7,86",11.18096248,,4.716,6.708577486,3164.436,4.716,1.113259342,1.134455207,,6.963714549,0.151714549
Sábado,28/03/2026,74,471.7,,671,,1.060970956,0.979135618,0.922867504,"7,86",11.18096248,,4.716,6.708577486,3164.436,4.716,1.113259342,1.136238941,1.135590965,8.101089249,0.241089249
Viernes,27/03/2026,73,468.51,,671,,1.06691426,0.976154993,0.914932932,"7,86",11.25709163,,4.716,6.754254979,3164.436,4.716,1.112123622,1.14012955,1.14543915,8.113692322,0.253692322
Jueves,26/03/2026,72,466.6,,682.5,,1.064787827,0.978754579,0.91920151,"7,86",11.49689241,,4.716,6.898135448,3218.67,4.716,1.134693813,1.163141388,1.140119972,8.153955172,0.293955172
Miércoles,25/03/2026,71,462.67,,676,,1.066375602,0.973372781,0.912786057,"7,86",11.48412475,,4.716,6.890474852,3188.016,4.716,1.135199173,1.16411046,1.148133226,8.163442859,0.303442859
Martes,24/03/2026,70,459.45,,663,,1.066601371,0.990950226,0.92907271,"7,86",11.34221352,,4.716,6.80532811,3126.708,4.716,1.110263044,1.138238386,1.12800644,8.092507869,0.232507869
Lunes,23/03/2026,69,457.08,,659,,1.071037893,0.969650986,0.905337704,"7,86",11.33223943,,4.716,6.79934366,3107.844,4.716,1.115082961,1.137858516,1.157579095,8.126520572,0.266520572
Domingo,22/03/2026,68,457.07,,660,,1.071061325,0.968181818,0.903946203,"7,86",11.34968386,,4.716,6.809810314,3112.56,4.716,1.120899507,1.153584269,1.159361029,8.149844805,0.289844805
Sábado,21/03/2026,67,457.08,,663.5,,1.071037893,0.963074604,0.899197508,"7,86",11.40962195,,4.716,6.845773169,3129.066,4.716,1.126819018,1.15786266,1.165483657,8.166165334,0.306165334
Viernes,20/03/2026,66,455.25,,660,,1.075343218,0.96969697,0.901755787,"7,86",11.39505766,,4.716,6.837034596,3112.56,4.716,1.125380643,1.156384658,1.162177183,8.159942483,0.299942483
Jueves,19/03/2026,65,455.25,,670,,1.070005491,0.955223881,0.892728017,"7,86",11.56771005,,4.716,6.94062603,3159.72,4.716,1.133575803,1.170876778,1.173929775,8.194382356,0.334382356
Miércoles,18/03/2026,64,451.51,,666,,1.076831078,0.975975976,0.906340833,"7,86",11.59389604,,4.716,6.956337623,3140.856,4.716,1.101670017,1.172447283,1.156297898,8.146415198,0.286415198
Lunes,16/03/2026,63,448.37,,659,,1.08220889,0.990895296,0.91562295,"7,86",11.55237862,,4.716,6.93142717,3107.844,4.716,1.09926218,1.154923511,1.144575942,8.114761633,0.254761633
Domingo,15/03/2026,62,446.8,,631,,1.084914951,1.009508716,0.930495718,"7,86",11.10040286,,4.716,6.660241719,2975.796,4.716,1.040449087,1.119188004,1.126281378,8.001918469,0.141918469
Sábado,14/03/2026,61,446.81,,631,,1.084890669,1.009508716,0.930516544,"7,86",11.10015443,,4.716,6.660092657,2975.796,4.716,1.040425801,1.105213495,1.126256171,7.987895467,0.127895467
Viernes,13/03/2026,60,443.26,,631,,1.093579389,1.00792393,0.92167422,"7,86",11.18905383,,4.716,6.713432297,2975.796,4.716,1.048758409,1.114064977,1.137061206,8.015884592,0.155884592
Jueves,12/03/2026,59,440.97,,636,,1.09728553,1.001572327,0.912772747,"7,86",11.33628138,,4.716,6.801768828,2999.376,4.716,1.055372318,1.119947027,1.148149968,8.039469313,0.179469313
Miércoles,11/03/2026,58,438.21,,633,,1.102987152,1.006319115,0.912357966,"7,86",11.35387143,,4.716,6.812322859,2985.228,4.716,1.034962913,1.120578257,1.148671945,8.020213115,0.160213115
Martes,10/03/2026,57,436.24,,628,,1.106638548,1.011146497,0.91370981,"7,86",11.31505593,,4.716,6.78903356,2961.648,4.716,1.032571386,1.118486817,1.146972473,8.014030676,0.154030676
Lunes,09/03/2026,56,433.17,,625,,1.112034536,1.024,0.92083471,"7,86",11.34081308,,4.716,6.804487845,2947.5,4.716,1.047870602,1.110125958,1.138097846,8.012094405,0.152094405
Domingo,08/03/2026,55,433.17,,625,,1.11090334,1.0224,0.920332096,"7,86",11.34081308,,4.716,6.804487845,2947.5,4.716,1.048792886,1.1159266,1.138719387,8.019438873,0.159438873
Sábado,07/03/2026,54,433.17,,625,,1.108687121,1.008,0.909183467,"7,86",11.34081308,,4.716,6.804487845,2947.5,4.716,1.047180895,1.120023425,1.152682641,8.035886961,0.175886961
Viernes,06/03/2026,53,431.01,,635,,1.11426649,0.993700787,0.891798143,"7,86",11.58000974,,4.716,6.948005847,2994.66,4.716,1.063650511,1.143646587,1.175153826,8.098450924,0.238450924
Jueves,05/03/2026,52,427.93,,645,,1.122286355,0.978294574,0.871697824,"7,86",11.84703106,,4.716,7.108218634,3041.82,4.716,1.089567856,1.170017723,1.202251481,8.177837061,0.317837061
Miércoles,04/03/2026,51,425.67,,635,,1.12711725,0.995275591,0.883027556,"7,86",11.72528015,,4.716,7.035168088,2994.66,4.716,1.06227538,1.149016859,1.18682593,8.114118169,0.254118169
Martes,03/03/2026,50,421.88,,625,,1.134398407,1.0096,0.889987145,"7,86",11.64430644,,4.716,6.986583863,2947.5,4.716,1.052556717,1.106460092,1.177545098,8.052561906,0.192561906
Lunes,02/03/2026,49,419.99,,615,,1.137217553,1.035772358,0.910795261,"7,86",11.50955975,,4.716,6.905735851,2900.34,4.716,1.04411559,1.095187767,1.15064279,8.005946147,0.145946147
Domingo,01/03/2026,48,419.99,,615,,1.136098479,1.02601626,0.903105038,"7,86",11.50955975,,4.716,6.905735851,2900.34,4.716,1.086628906,1.078799669,1.160440874,8.041869449,0.181869449
Sábado,28/02/2026,47,419.99,,615,,1.134384152,1.037398374,0.914503585,"7,86",11.50955975,,4.716,6.905735851,2900.34,4.716,1.086653226,1.078799669,1.145976918,8.027429813,0.167429813
Viernes,27/02/2026,46,417.36,,620,,1.14153249,1.029032258,0.901448068,"7,86",11.67625072,,4.716,7.005750431,2923.92,4.716,1.093632307,1.094423739,1.162573904,8.06662995,0.20662995
Jueves,26/02/2026,45,414.05,,620,,1.150658133,1.037096774,0.901307473,"7,86",11.76959304,,4.716,7.061755827,2923.92,4.716,1.088058165,1.095712278,1.162755254,8.062525697,0.202525697
Miércoles,25/02/2026,44,411.09,,630,,1.157799995,1.020634921,0.88152956,"7,86",12.04553747,,4.716,7.227322484,2971.08,4.716,1.11184307,1.098011777,1.18884272,8.114697567,0.254697567
Martes,24/02/2026,43,407.38,,605,,1.168344052,1.061157025,0.908257309,"7,86",11.67288527,,4.716,7.00373116,2853.18,4.716,1.081142138,1.065225607,1.153858042,8.016225786,0.156225786
Lunes,23/02/2026,42,405.35,,595,,1.171826816,1.087394958,0.927948518,"7,86",11.53743678,,4.716,6.92246207,2806.02,4.716,1.066169918,1.066038277,1.129372998,7.977581192,0.117581192
Domingo,22/02/2026,41,405.35,,590,,1.170667325,1.089830508,0.930948089,"7,86",11.44048353,,4.716,6.86429012,2782.44,4.716,1.057210507,1.058010362,1.12573409,7.956954959,0.096954959
Sábado,21/02/2026,40,405.35,,580,,1.169483163,1.103448276,0.943534983,"7,86",11.24657703,,4.716,6.747946219,2735.28,4.716,1.039291685,1.038479387,1.110716634,7.904487705,0.044487705
Viernes,20/02/2026,39,402.33,,575,,1.178261626,1.113043478,0.94464884,"7,86",11.23331593,,4.716,6.739989561,2711.7,4.716,1.016623937,1.031805887,1.109406962,7.873836787,0.013836787
Jueves,19/02/2026,38,398.74,,560,,1.18886994,1.142857143,0.96129703,"7,86",11.36331193,,4.716,6.81798716,2718.6042,4.854650358,1.005209731,1.045080355,1.122245421,8.027185866,0.167185866
Miércoles,18/02/2026,37,396.37,,550,,1.195978505,1.172727273,0.980558821,"7,86",11.22712658,,4.716,6.736275946,2670.057697,4.854650358,1.003475269,1.017144154,1.100200383,7.975470164,0.115470164
Martes,17/02/2026,36,396.37,,535,,1.195650529,1.242990654,1.039593614,"7,86",10.92093222,,4.716,6.552559329,2597.237941,4.854650358,0.982895548,0.98716919,1.037723949,7.862439045,0.002439045
Lunes,16/02/2026,35,396.37,,535,,1.195524384,1.241121495,1.038139842,"7,86",10.92093222,,4.716,6.552559329,2597.237941,4.854650358,0.994402671,0.99071692,1.039177138,7.878947087,0.018947087
Domingo,15/02/2026,34,396.37,,540,,1.190049701,1.242592593,1.044151846,"7,86",11.022997,,4.716,6.613798202,2621.511193,4.854650358,1.003696154,1.040692036,1.033193778,7.932232326,0.072232326
Sábado,14/02/2026,33,396.37,,545,,1.190049701,1.231192661,1.034572472,"7,86",11.12506179,,4.716,6.675037074,2645.784445,4.854650358,1.012989637,1.050351581,1.042760387,7.960751963,0.100751963
Viernes,13/02/2026,32,393.22,,550,,1.199582931,1.22,1.01702014,"7,86",11.31706465,,4.716,6.790238789,2670.057697,4.854650358,1.015761312,1.059989873,1.060756959,7.991158502,0.131158502
Jueves,12/02/2026,31,390.29,,555,,1.200415076,1.209009009,1.007159135,"7,86",11.50567932,,4.716,6.903407591,2694.330949,4.854650358,1.024500327,1.063660253,1.071142736,8.013953674,0.153953674
Miércoles,11/02/2026,30,388.74,,555,,1.20028811,1.22972973,1.024528794,"7,86",11.55155523,,4.716,6.930933139,2694.330949,4.854650358,1.005021977,1.066246871,1.052982793,7.978901998,0.118901998
Martes,10/02/2026,29,385.27,,550,,1.200898071,1.229090909,1.023476462,"7,86",11.55059091,,4.716,6.930354548,2670.057697,4.854650358,1.037020325,1.06981524,1.054065463,8.015551386,0.155551386
Lunes,09/02/2026,28,382.63,,544.15,,1.200768366,1.21841404,1.014695319,"7,86",11.50658161,,4.716,6.903948964,2641.657992,4.854650358,1.045197278,1.063318604,1.063187314,8.026353554,0.166353554
Domingo,08/02/2026,27,382.63,,545,,1.194574393,1.209174312,1.012221858,"7,86",11.52455568,,4.716,6.914733411,2645.784445,4.854650358,1.055701389,1.064979581,1.065785314,8.041116641,0.181116641
Sábado,07/02/2026,26,382.63,,550,,1.194548258,1.2,1.004563852,"7,86",11.63028555,,4.716,6.978171332,2670.057697,4.854650358,1.08375546,1.074750036,1.073910024,8.087065877,0.227065877
Viernes,06/02/2026,25,381.11,,545.5,,1.199338774,1.216315307,1.014154911,"7,86",11.5811348,,4.716,6.94868088,2648.21177,4.854650358,1.080449383,1.048101818,1.06375385,8.046955409,0.186955409
